ts_ms,id,dlc,b0,b1,b2,b3,b4,b5,b6,b7
2233565,280,8,49,110,50,48,0,72,0,0
2233565,280,8,50,111,50,48,0,72,0,0
2233575,280,8,35,96,50,48,0,72,0,0
2233595,280,8,37,98,50,48,0,72,0,0
2233605,280,8,38,99,50,48,0,72,0,0
2233605,1021,8,1,0,6,0,0,8,18,128
2233615,280,8,39,100,50,48,0,72,0,0
2233625,280,8,41,102,50,48,0,72,0,0
2233655,280,8,43,104,50,48,0,72,0,0
2233656,1021,8,2,0,0,0,0,0,0,144
2233675,280,8,45,106,50,48,0,72,0,0
2233695,280,8,47,108,50,48,0,72,0,0
2233695,280,8,48,109,50,48,0,72,0,0
2233705,280,8,49,110,50,48,0,72,0,0
2233705,280,8,50,111,50,48,0,72,0,0
2233725,280,8,35,96,50,48,0,72,0,0
2233735,280,8,36,97,50,48,0,72,0,0
2233745,280,8,37,98,50,48,0,72,0,0
2233775,280,8,39,100,50,48,0,72,0,0
2233805,280,8,41,102,50,48,0,72,0,0
2233805,280,8,42,103,50,48,0,72,0,0
2233815,280,8,43,104,50,48,0,72,0,0
2233825,280,8,45,106,50,48,0,72,0,0
2233855,280,8,47,108,50,48,0,72,0,0
2233875,280,8,49,110,50,48,0,72,0,0
2233895,280,8,35,96,50,48,0,72,0,0
2233915,280,8,37,98,50,48,0,72,0,0
2233935,280,8,39,100,50,48,0,72,0,0
2233955,280,8,41,102,50,48,0,72,0,0
2233975,280,8,43,104,50,48,0,72,0,0
2233995,280,8,45,106,50,48,0,72,0,0
2234005,1016,8,3,8,128,0,25,73,20,33
2234005,280,8,47,108,50,48,0,72,0,0
2234025,280,8,49,110,50,48,0,72,0,0
2234045,280,8,50,111,50,48,0,72,0,0
2234055,280,8,35,96,50,48,0,72,0,0
2234075,280,8,37,98,50,48,0,72,0,0
2234095,280,8,39,100,50,48,0,72,0,0
2234095,280,8,40,101,50,48,0,72,0,0
2234095,1021,8,1,0,6,0,0,8,18,128
2234105,280,8,41,102,50,48,0,72,0,0
2234125,280,8,43,104,50,48,0,72,0,0
2234135,280,8,44,105,50,48,0,72,0,0
2234145,280,8,45,106,50,48,0,72,0,0
2234145,1021,8,2,0,0,0,0,0,0,144
2234165,280,8,47,108,50,48,0,72,0,0
2234185,280,8,48,109,50,48,0,72,0,0
2234195,280,8,49,110,50,48,0,72,0,0
2234215,280,8,35,96,50,48,0,72,0,0
2234235,280,8,37,98,50,48,0,72,0,0
2234255,280,8,39,100,50,48,0,72,0,0
2234275,280,8,41,102,50,48,0,72,0,0
2234295,280,8,43,104,50,48,0,72,0,0
2234315,280,8,45,106,50,48,0,72,0,0
2234335,280,8,47,108,50,48,0,72,0,0
2234355,280,8,49,110,50,48,0,72,0,0
2234375,280,8,35,96,50,48,0,72,0,0
2234395,280,8,37,98,50,48,0,72,0,0
2234415,280,8,39,100,50,48,0,72,0,0
2234435,280,8,41,102,50,48,0,72,0,0
2234455,2047,8,1,165,78,67,67,165,84,1
2234455,280,8,43,104,50,48,0,72,0,0
2234475,280,8,45,106,50,48,0,72,0,0
2234495,280,8,47,108,50,48,0,72,0,0
2234515,280,8,49,110,50,48,0,72,0,0
2234535,280,8,35,96,50,48,0,72,0,0
2234555,280,8,37,98,50,48,0,72,0,0
2234555,280,8,38,99,50,48,0,72,0,0
2234575,280,8,39,100,50,48,0,72,0,0
2234605,280,8,41,102,50,48,0,72,0,0
2234605,280,8,42,103,50,48,0,72,0,0
2234605,1021,8,1,0,6,0,0,8,18,128
2234605,280,8,43,104,50,48,0,72,0,0
2234615,280,8,45,106,50,48,0,72,0,0
2234635,280,8,46,107,50,48,0,72,0,0
2234665,280,8,47,108,50,48,0,72,0,0
2234665,1021,8,2,0,0,0,0,0,0,144
2234675,280,8,49,110,50,48,0,72,0,0
2234675,280,8,50,111,50,48,0,72,0,0
2234685,280,8,35,96,50,48,0,72,0,0
2234695,280,8,36,97,50,48,0,72,0,0
2234715,280,8,37,98,50,48,0,72,0,0
2234735,280,8,39,100,50,48,0,72,0,0
2234755,280,8,41,102,50,48,0,72,0,0
2234785,280,8,43,104,50,48,0,72,0,0
2234805,280,8,45,106,50,48,0,72,0,0
2234815,280,8,47,108,50,48,0,72,0,0
2234835,280,8,49,110,50,48,0,72,0,0
2234865,280,8,35,96,50,48,0,72,0,0
2234885,280,8,37,98,50,48,0,72,0,0
2234895,280,8,39,100,50,48,0,72,0,0
2234905,280,8,40,101,50,48,0,72,0,0
2234915,280,8,41,102,50,48,0,72,0,0
2234915,280,8,42,103,50,48,0,72,0,0
2234935,280,8,43,104,50,48,0,72,0,0
2234965,280,8,45,106,50,48,0,72,0,0
2234975,280,8,47,108,50,48,0,72,0,0
2234995,280,8,49,110,50,48,0,72,0,0
2234995,280,8,50,111,50,48,0,72,0,0
2234995,1016,8,3,8,128,0,25,73,20,33
2235005,280,8,35,96,50,48,0,72,0,0
2235025,280,8,37,98,50,48,0,72,0,0
2235035,280,8,38,99,50,48,0,72,0,0
2235045,280,8,39,100,50,48,0,72,0,0
2235075,280,8,41,102,50,48,0,72,0,0
2235085,280,8,42,103,50,48,0,72,0,0
2235095,280,8,43,104,50,48,0,72,0,0
2235095,280,8,44,105,50,48,0,72,0,0
2235105,280,8,45,106,50,48,0,72,0,0
2235135,280,8,47,108,50,48,0,72,0,0
2235165,280,8,49,110,50,48,0,72,0,0
2235185,280,8,35,96,50,48,0,72,0,0
2235195,280,8,37,98,50,48,0,72,0,0
2235215,280,8,39,100,50,48,0,72,0,0
2235245,280,8,41,102,50,48,0,72,0,0
2235265,280,8,43,104,50,48,0,72,0,0
2235275,280,8,45,106,50,48,0,72,0,0
2235275,280,8,46,107,50,48,0,72,0,0
2235285,280,8,47,108,50,48,0,72,0,0
2235295,280,8,48,109,50,48,0,72,0,0
2235315,280,8,49,110,50,48,0,72,0,0
2235335,280,8,35,96,50,48,0,72,0,0
2235355,280,8,37,98,50,48,0,72,0,0
2235375,280,8,39,100,50,48,0,72,0,0
2235375,280,8,40,101,50,48,0,72,0,0
2235385,280,8,50,102,50,48,9,72,0,0
2235405,280,8,68,104,50,48,25,72,0,0
2235435,280,8,81,106,50,48,36,72,0,0
2235455,2047,8,2,71,86,109,142,81,207,39
2235455,280,8,88,108,50,48,41,72,0,0
2235475,280,8,91,110,50,48,42,72,0,0
2235475,280,8,92,111,50,48,42,72,0,0
2235485,280,8,77,96,50,48,42,72,0,0
2235485,280,8,78,97,50,48,42,72,0,0
2235505,280,8,80,98,50,48,43,72,0,0
2235535,280,8,84,100,50,48,45,72,0,0
2235555,280,8,88,102,50,48,47,72,0,0
2235555,280,8,89,103,50,48,47,72,0,0
2235575,280,8,90,104,50,48,47,72,0,0
2235575,280,8,91,105,50,48,47,72,0,0
2235595,280,8,92,106,50,48,47,72,0,0
2235595,280,8,93,107,50,48,47,72,0,0
2235595,1021,8,1,0,6,0,0,8,18,128
2235605,280,8,94,108,50,48,47,72,0,0
2235625,280,8,97,110,50,48,48,72,0,0
2235655,280,8,84,96,50,48,49,72,0,0
2235655,1021,8,2,0,0,0,0,0,0,144
2235675,280,8,88,98,50,48,51,72,0,0
2235675,280,8,90,99,50,48,52,72,0,0
2235685,280,8,92,100,50,48,53,72,0,0
2235715,280,8,96,102,50,48,55,72,0,0
2235745,280,8,100,104,50,48,57,72,0,0
2235765,280,8,104,106,50,48,59,72,0,0
2235775,280,8,108,108,50,48,61,72,0,0
2235785,280,8,111,109,50,48,63,72,0,0
2235795,280,8,114,110,50,48,65,72,0,0
2235815,280,8,105,96,50,48,70,72,0,0
2235835,280,8,113,98,50,48,76,72,0,0
2235835,280,8,117,99,50,48,79,72,0,0
2235845,280,8,122,100,50,48,83,72,0,0
2235875,280,8,131,102,50,48,90,72,0,0
2235885,280,8,135,103,50,48,93,72,0,0
2235895,280,8,140,104,50,48,97,72,0,0
2235915,280,8,147,106,50,48,102,72,0,0
2235925,280,8,151,107,50,48,105,72,0,0
2235935,280,8,155,108,50,48,108,72,0,0
2235935,280,8,158,109,50,48,110,72,0,0
2235945,280,8,163,110,50,48,114,72,0,0
2235975,280,8,155,96,50,48,120,72,0,0
2235985,280,8,158,97,50,48,122,72,0,0
2235995,280,8,163,98,50,48,126,72,0,0
2235995,1016,8,3,8,128,0,25,73,20,33
2235995,280,8,170,100,50,48,131,72,0,0
2236035,280,8,177,102,50,48,136,72,0,0
2236045,280,8,180,103,50,48,138,72,0,0
2236055,1021,8,0,0,0,60,32,0,0,128
2236055,280,8,183,104,50,48,140,72,0,0
2236065,280,8,190,106,50,48,145,72,0,0
2236075,280,8,192,107,50,48,146,72,0,0
2236085,280,8,196,108,50,48,149,72,0,0
2236095,280,8,199,109,50,48,151,72,0,0
2236095,1021,8,1,0,6,0,0,8,18,128
2236105,280,8,202,110,50,48,153,72,0,0
2236135,280,8,193,96,50,48,158,72,0,0
2236155,280,8,200,98,50,48,163,72,0,0
2236175,280,8,208,100,50,48,169,72,0,0
2236175,280,8,211,101,50,48,171,72,0,0
2236195,280,8,215,102,50,48,174,72,0,0
2236215,280,8,222,104,50,48,179,72,0,0
2236235,280,8,228,106,50,48,183,72,0,0
2236265,280,8,235,108,50,48,188,72,0,0
2236285,280,8,240,110,50,48,191,72,0,0
2236285,280,8,242,111,50,48,192,72,0,0
2236295,280,8,229,96,50,48,194,72,0,0
2236305,280,8,233,98,50,48,196,72,0,0
2236335,280,8,237,100,50,48,198,72,0,0
2236355,280,8,240,102,50,48,199,72,0,0
2236375,280,8,243,104,50,48,200,72,0,0
2236375,280,8,244,105,50,48,200,72,0,0
2236395,280,8,245,106,50,48,200,72,0,0
2236415,280,8,247,108,50,48,200,72,0,0
2236435,280,8,249,110,50,48,200,72,0,0
2236435,280,8,250,111,50,48,200,72,0,0
2236455,2047,8,3,51,12,141,225,32,39,52
2236455,280,8,234,96,50,48,199,72,0,0
2236475,280,8,236,98,50,48,199,72,0,0
2236475,280,8,237,99,50,48,199,72,0,0
2236485,280,8,238,100,50,48,199,72,0,0
2236515,280,8,238,102,50,48,197,72,0,0
2236545,280,8,236,104,50,48,193,72,0,0
2236555,280,8,231,106,50,48,186,72,0,0
2236555,280,8,228,107,50,48,182,72,0,0
2236565,280,8,223,108,50,48,176,72,0,0
2236575,280,8,219,109,50,48,171,72,0,0
2236595,280,8,214,110,50,48,165,72,0,0
2236605,1021,8,1,0,6,0,0,8,18,128
2236615,280,8,190,96,50,48,155,72,0,0
2236635,280,8,183,98,50,48,146,72,0,0
2236635,280,8,180,99,50,48,142,72,0,0
2236645,280,8,177,100,50,48,138,72,0,0
2236665,280,8,170,102,50,48,129,72,0,0
2236685,280,8,167,103,50,48,125,72,0,0
2236695,280,8,162,104,50,48,119,72,0,0
2236715,280,8,152,106,50,48,107,72,0,0
2236735,280,8,142,108,50,48,95,72,0,0
2236735,280,8,138,109,50,48,90,72,0,0
2236755,280,8,134,110,50,48,85,72,0,0
2236775,280,8,110,96,50,48,75,72,0,0
2236785,280,8,107,97,50,48,71,72,0,0
2236795,280,8,102,98,50,48,65,72,0,0
2236815,280,8,93,100,50,48,54,72,0,0
2236835,280,8,83,102,50,48,42,72,0,0
2236835,280,8,79,103,50,48,37,72,0,0
2236845,280,8,73,104,50,48,30,72,0,0
2236875,280,8,65,106,50,48,20,72,0,0
2236885,280,8,61,107,50,48,15,72,0,0
2236895,280,8,57,108,50,48,10,72,0,0
2236895,280,8,54,109,50,48,6,72,0,0
2236905,280,8,51,110,50,48,2,72,0,0
2236915,280,8,50,111,50,48,0,72,0,0
2236935,280,8,35,96,50,48,0,72,0,0
2236945,280,8,36,97,50,48,0,72,0,0
2236955,280,8,37,98,50,48,0,72,0,0
2236975,280,8,39,100,50,48,0,72,0,0
2236975,280,8,40,101,50,48,0,72,0,0
2236995,280,8,41,102,50,48,0,72,0,0
2236995,280,8,42,103,50,48,0,72,0,0
2236995,1016,8,3,8,128,0,25,73,20,33
2237005,280,8,43,104,50,48,0,72,0,0
2237035,280,8,45,106,50,48,0,72,0,0
2237045,280,8,46,107,50,48,0,72,0,0
2237045,2047,8,9,239,128,64,130,128,0,0
2237045,1021,8,0,0,0,60,32,0,0,128
2237045,280,8,47,108,50,48,0,72,0,0
2237045,280,8,48,109,50,48,0,72,0,0
2237055,280,8,49,110,50,48,0,72,0,0
2237075,280,8,50,111,50,48,0,72,0,0
2237095,280,8,35,96,50,48,0,72,0,0
2237105,1021,8,1,0,6,0,0,8,18,128
2237105,280,8,36,97,50,48,0,72,0,0
2237105,280,8,37,98,50,48,0,72,0,0
2237125,280,8,39,100,50,48,0,72,0,0
2237135,280,8,40,101,50,48,0,72,0,0
2237145,280,8,41,102,50,48,0,72,0,0
2237145,1021,8,2,0,0,0,0,0,0,144
2237165,280,8,43,104,50,48,0,72,0,0
2237185,280,8,44,105,50,48,0,72,0,0
2237195,280,8,45,106,50,48,0,72,0,0
2237205,280,8,46,107,50,48,0,72,0,0
2237215,280,8,47,108,50,48,0,72,0,0
2237235,280,8,49,110,50,48,0,72,0,0
2237245,280,8,50,111,50,48,0,72,0,0
2237255,2047,8,2,71,86,109,142,81,207,39
2237255,280,8,35,96,50,48,0,72,0,0
2237275,280,8,37,98,50,48,0,72,0,0
2237285,280,8,38,99,50,48,0,72,0,0
2237305,280,8,39,100,50,48,0,72,0,0
2237305,280,8,40,101,50,48,0,72,0,0
2237315,280,8,41,102,50,48,0,72,0,0
2237335,280,8,43,104,50,48,0,72,0,0
2237345,280,8,44,105,50,48,0,72,0,0
2237355,280,8,45,106,50,48,0,72,0,0
2237365,280,8,47,108,50,48,0,72,0,0
2237375,280,8,48,109,50,48,0,72,0,0
2237395,280,8,49,110,50,48,0,72,0,0
2237425,280,8,35,96,50,48,0,72,0,0
2237445,280,8,41,98,50,48,4,72,0,0
2237445,280,8,43,99,50,48,5,72,0,0
2237455,280,8,45,100,50,48,6,72,0,0
2237465,280,8,48,102,50,48,7,72,0,0
2237475,280,8,50,103,50,48,8,72,0,0
2237485,280,8,53,104,50,48,10,72,0,0
2237495,280,8,57,105,50,48,13,72,0,0
2237515,280,8,63,106,50,48,18,72,0,0
2237525,280,8,68,107,50,48,22,72,0,0
2237535,280,8,73,108,50,48,26,72,0,0
2237535,280,8,76,109,50,48,28,72,0,0
2237545,280,8,78,110,50,48,29,72,0,0
2237545,280,8,80,111,50,48,30,72,0,0
2237565,280,8,65,96,50,48,30,72,0,0
2237585,280,8,67,97,50,48,31,72,0,0
2237595,280,8,68,98,50,48,31,72,0,0
2237605,280,8,70,99,50,48,32,72,0,0
2237605,1021,8,1,0,6,0,0,8,18,128
2237605,280,8,72,100,50,48,33,72,0,0
2237625,280,8,80,102,50,48,39,72,0,0
2237645,280,8,85,103,50,48,43,72,0,0
2237655,280,8,89,104,50,48,46,72,0,0
2237655,1021,8,2,0,0,0,0,0,0,144
2237675,280,8,96,106,50,48,51,72,0,0
2237675,280,8,98,107,50,48,52,72,0,0
2237685,280,8,100,108,50,48,53,72,0,0
2237685,280,8,101,109,50,48,53,72,0,0
2237705,280,8,102,110,50,48,53,72,0,0
2237725,280,8,103,111,50,48,53,72,0,0
2237735,280,8,88,96,50,48,53,72,0,0
2237745,280,8,89,97,50,48,53,72,0,0
2237755,280,8,91,98,50,48,54,72,0,0
2237775,280,8,96,100,50,48,57,72,0,0
2237785,280,8,98,101,50,48,58,72,0,0
2237795,280,8,100,102,50,48,59,72,0,0
2237815,280,8,103,104,50,48,60,72,0,0
2237815,280,8,105,105,50,48,61,72,0,0
2237825,280,8,106,106,50,48,61,72,0,0
2237825,280,8,107,107,50,48,61,72,0,0
2237845,280,8,108,108,50,48,61,72,0,0
2237865,280,8,110,109,50,48,62,72,0,0
2237875,280,8,112,110,50,48,63,72,0,0
2237885,280,8,114,111,50,48,64,72,0,0
2237895,280,8,100,96,50,48,65,72,0,0
2237895,280,8,102,97,50,48,66,72,0,0
2237906,280,8,105,98,50,48,68,72,0,0
2237915,280,8,108,99,50,48,70,72,0,0
2237935,280,8,111,100,50,48,72,72,0,0
2237945,280,8,114,101,50,48,74,72,0,0
2237955,280,8,118,102,50,48,77,72,0,0
2237975,280,8,125,104,50,48,82,72,0,0
2237985,280,8,128,105,50,48,84,72,0,0
2237995,280,8,131,106,50,48,86,72,0,0
2237995,280,8,134,107,50,48,88,72,0,0
2237995,1016,8,3,8,128,0,25,73,20,33
2237995,280,8,137,108,50,48,90,72,0,0
2238005,280,8,139,109,50,48,91,72,0,0
2238025,280,8,141,110,50,48,92,72,0,0
2238035,280,8,143,111,50,48,93,72,0,0
2238045,280,8,128,96,50,48,93,72,0,0
2238075,280,8,131,98,50,48,94,72,0,0
2238085,280,8,133,99,50,48,95,72,0,0
2238095,280,8,134,100,50,48,95,72,0,0
2238095,280,8,135,101,50,48,95,72,0,0
2238095,1021,8,1,0,6,0,0,8,18,128
2238095,280,8,137,102,50,48,96,72,0,0
2238105,280,8,138,103,50,48,96,72,0,0
2238125,280,8,140,104,50,48,97,72,0,0
2238135,280,8,141,105,50,48,97,72,0,0
2238155,280,8,143,106,50,48,98,72,0,0
2238165,280,8,144,107,50,48,98,72,0,0
2238175,280,8,145,108,50,48,98,72,0,0
2238175,280,8,147,109,50,48,99,72,0,0
2238185,280,8,148,110,50,48,99,72,0,0
2238185,280,8,149,111,50,48,99,72,0,0
2238205,280,8,134,96,50,48,99,72,0,0
2238225,280,8,136,97,50,48,100,72,0,0
2238235,280,8,137,98,50,48,100,72,0,0
2238235,280,8,138,99,50,48,100,72,0,0
2238245,280,8,139,100,50,48,100,72,0,0
2238255,280,8,140,101,50,48,100,72,0,0
2238275,280,8,141,102,50,48,100,72,0,0
2238285,280,8,141,103,50,48,99,72,0,0
2238295,280,8,142,104,50,48,99,72,0,0
2238295,280,8,143,105,50,48,99,72,0,0
2238305,280,8,144,106,50,48,99,72,0,0
2238315,280,8,144,107,50,48,98,72,0,0
2238335,280,8,143,108,50,48,96,72,0,0
2238345,280,8,142,109,50,48,94,72,0,0
2238355,280,8,139,110,50,48,90,72,0,0
2238355,280,8,136,111,50,48,86,72,0,0
2238365,280,8,116,96,50,48,81,72,0,0
2238375,280,8,113,97,50,48,77,72,0,0
2238395,280,8,109,98,50,48,72,72,0,0
2238415,280,8,104,100,50,48,65,72,0,0
2238435,280,8,100,102,50,48,59,72,0,0
2238435,280,8,98,103,50,48,56,72,0,0
2238455,280,8,95,104,50,48,52,72,0,0
2238455,280,8,93,105,50,48,49,72,0,0
2238475,280,8,90,106,50,48,45,72,0,0
2238475,280,8,87,107,50,48,41,72,0,0
2238495,280,8,84,108,50,48,37,72,0,0
2238495,280,8,82,109,50,48,34,72,0,0
2238515,280,8,80,110,50,48,31,72,0,0
2238515,280,8,78,111,50,48,28,72,0,0
2238535,280,8,60,96,50,48,25,72,0,0
2238535,280,8,58,97,50,48,22,72,0,0
2238555,280,8,56,98,50,48,19,72,0,0
2238555,280,8,53,99,50,48,15,72,0,0
2238575,280,8,50,100,50,48,11,72,0,0
2238575,280,8,46,101,50,48,6,72,0,0
2238595,280,8,42,102,50,48,1,72,0,0
2238595,280,8,42,103,50,48,0,72,0,0
2238615,280,8,43,104,50,48,0,72,0,0
2238615,280,8,44,105,50,48,0,72,0,0
2238635,280,8,45,106,50,48,0,72,0,0
2238635,280,8,46,107,50,48,0,72,0,0
2238655,280,8,47,108,50,48,0,72,0,0
2238675,280,8,49,110,50,48,0,72,0,0
2238675,280,8,50,111,50,48,0,72,0,0
2238685,280,8,35,96,50,48,0,72,0,0
2238685,280,8,36,97,50,48,0,72,0,0
2238705,280,8,37,98,50,48,0,72,0,0
2238725,280,8,38,99,50,48,0,72,0,0
2238735,280,8,39,100,50,48,0,72,0,0
2238745,280,8,40,101,50,48,0,72,0,0
2238755,280,8,41,102,50,48,0,72,0,0
2238755,280,8,42,103,50,48,0,72,0,0
2238765,280,8,43,104,50,48,0,72,0,0
2238775,280,8,44,105,50,48,0,72,0,0
2238795,280,8,45,106,50,48,0,72,0,0
2238805,280,8,46,107,50,48,0,72,0,0
2238815,280,8,47,108,50,48,0,72,0,0
2238815,280,8,48,109,50,48,0,72,0,0
2238835,280,8,49,110,50,48,0,72,0,0
2238835,280,8,50,111,50,48,0,72,0,0
2238855,280,8,35,96,50,48,0,72,0,0
2238855,280,8,36,97,50,48,0,72,0,0
2238875,280,8,37,98,50,48,0,72,0,0
2238875,280,8,38,99,50,48,0,72,0,0
2238895,280,8,39,100,50,48,0,72,0,0
2238895,280,8,40,101,50,48,0,72,0,0
2238915,280,8,41,102,50,48,0,72,0,0
2238915,280,8,42,103,50,48,0,72,0,0
2238935,280,8,44,104,50,48,1,72,0,0
2238935,280,8,55,105,50,48,11,72,0,0
2238955,280,8,65,106,50,48,20,72,0,0
2238955,280,8,74,107,50,48,28,72,0,0
2238975,280,8,84,108,50,48,37,72,0,0
2238975,280,8,92,109,50,48,44,72,0,0
2238995,280,8,99,110,50,48,50,72,0,0
2238995,280,8,104,111,50,48,54,72,0,0
2238995,1016,8,3,8,128,0,25,73,20,33
2239005,280,8,94,96,50,48,59,72,0,0
2239005,280,8,98,97,50,48,62,72,0,0
2239025,280,8,103,98,50,48,66,72,0,0
2239035,280,8,107,99,50,48,69,72,0,0
2239055,280,8,111,100,50,48,72,72,0,0
2239065,280,8,115,101,50,48,75,72,0,0
2239085,280,8,119,102,50,48,78,72,0,0
2239085,280,8,123,103,50,48,81,72,0,0
2239095,280,8,126,104,50,48,83,72,0,0
2239105,280,8,129,105,50,48,85,72,0,0
2239115,280,8,132,106,50,48,87,72,0,0
2239125,280,8,135,107,50,48,89,72,0,0
2239135,280,8,137,108,50,48,90,72,0,0
2239135,280,8,139,109,50,48,91,72,0,0
2239145,280,8,141,110,50,48,92,72,0,0
2239145,280,8,143,111,50,48,93,72,0,0
2239165,280,8,130,96,50,48,95,72,0,0
2239175,280,8,132,97,50,48,96,72,0,0
2239185,280,8,134,98,50,48,97,72,0,0
2239195,280,8,137,99,50,48,99,72,0,0
2239215,280,8,140,100,50,48,101,72,0,0
2239225,280,8,142,101,50,48,102,72,0,0
2239235,280,8,145,102,50,48,104,72,0,0
2239235,280,8,148,103,50,48,106,72,0,0
2239245,280,8,150,104,50,48,107,72,0,0
2239245,280,8,153,105,50,48,109,72,0,0
2239265,280,8,156,106,50,48,111,72,0,0
2239275,280,8,158,107,50,48,112,72,0,0
2239295,280,8,161,108,50,48,114,72,0,0
2239305,280,8,164,109,50,48,116,72,0,0
2239325,280,8,167,110,50,48,118,72,0,0
2239325,280,8,170,111,50,48,120,72,0,0
2239335,280,8,156,96,50,48,121,72,0,0
2239335,280,8,159,97,50,48,123,72,0,0
2239345,280,8,161,98,50,48,124,72,0,0
2239355,280,8,163,99,50,48,125,72,0,0
2239375,280,8,165,100,50,48,126,72,0,0
2239375,280,8,166,101,50,48,126,72,0,0
2239385,280,8,168,102,50,48,127,72,0,0
2239405,280,8,171,104,50,48,128,72,0,0
2239425,280,8,173,105,50,48,129,72,0,0
2239435,280,8,175,106,50,48,130,72,0,0
2239445,280,8,176,107,50,48,130,72,0,0
2239455,280,8,177,108,50,48,130,72,0,0
2239455,280,8,179,109,50,48,131,72,0,0
2239465,280,8,180,110,50,48,131,72,0,0
2239475,280,8,181,111,50,48,131,72,0,0
2239495,280,8,166,96,50,48,131,72,0,0
2239505,280,8,166,97,50,48,130,72,0,0
2239515,280,8,167,98,50,48,130,72,0,0
2239515,280,8,168,99,50,48,130,72,0,0
2239525,280,8,168,100,50,48,129,72,0,0
2239535,280,8,168,101,50,48,128,72,0,0
2239555,1021,8,0,0,0,60,32,0,0,128
2239555,280,8,168,102,50,48,127,72,0,0
2239555,280,8,168,103,50,48,126,72,0,0
2239565,280,8,168,104,50,48,125,72,0,0
2239565,280,8,167,105,50,48,123,72,0,0
2239585,280,8,164,106,50,48,119,72,0,0
2239605,280,8,162,107,50,48,116,72,0,0
2239605,1021,8,1,0,6,0,0,8,18,128
2239605,280,8,159,108,50,48,112,72,0,0
2239615,280,8,156,109,50,48,108,72,0,0
2239625,280,8,152,110,50,48,103,72,0,0
2239635,280,8,148,111,50,48,98,72,0,0
2239655,280,8,128,96,50,48,93,72,0,0
2239685,280,8,119,98,50,48,82,72,0,0
2239685,280,8,116,99,50,48,78,72,0,0
2239695,280,8,111,100,50,48,72,72,0,0
2239695,280,8,108,101,50,48,68,72,0,0
2239705,280,8,104,102,50,48,63,72,0,0
2239715,280,8,100,103,50,48,58,72,0,0
2239735,280,8,96,104,50,48,53,72,0,0
2239745,280,8,91,105,50,48,47,72,0,0
2239755,280,8,86,106,50,48,41,72,0,0
2239755,280,8,81,107,50,48,35,72,0,0
2239775,280,8,75,108,50,48,28,72,0,0
2239775,280,8,70,109,50,48,22,72,0,0
2239795,280,8,65,110,50,48,16,72,0,0
2239795,280,8,61,111,50,48,11,72,0,0
2239815,280,8,40,96,50,48,5,72,0,0
2239815,280,8,37,97,50,48,1,72,0,0
2239835,280,8,37,98,50,48,0,72,0,0
2239835,280,8,38,99,50,48,0,72,0,0
2239855,280,8,39,100,50,48,0,72,0,0
2239855,280,8,40,101,50,48,0,72,0,0
2239875,280,8,41,102,50,48,0,72,0,0
2239875,280,8,42,103,50,48,0,72,0,0
2239895,280,8,43,104,50,48,0,72,0,0
2239895,280,8,44,105,50,48,0,72,0,0
2239915,280,8,45,106,50,48,0,72,0,0
2239915,280,8,46,107,50,48,0,72,0,0
2239935,280,8,47,108,50,48,0,72,0,0
2239935,280,8,48,109,50,48,0,72,0,0
2239955,280,8,49,110,50,48,0,72,0,0
2239955,280,8,50,111,50,48,0,72,0,0
2239975,280,8,35,96,50,48,0,72,0,0
2239975,280,8,36,97,50,48,0,72,0,0
2239995,280,8,37,98,50,48,0,72,0,0
2239995,280,8,38,99,50,48,0,72,0,0
2239995,1016,8,3,8,128,0,25,73,20,33
2240005,280,8,39,100,50,48,0,72,0,0
2240005,280,8,40,101,50,48,0,72,0,0
2240025,280,8,41,102,50,48,0,72,0,0
2240035,280,8,42,103,50,48,0,72,0,0
2240045,2047,8,3,51,12,141,225,32,39,52
2240045,280,8,43,104,50,48,0,72,0,0
2240055,280,8,44,105,50,48,0,72,0,0
2240065,280,8,45,106,50,48,0,72,0,0
2240075,280,8,46,107,50,48,0,72,0,0
2240085,280,8,47,108,50,48,0,72,0,0
2240095,280,8,48,109,50,48,0,72,0,0
2240095,1021,8,1,0,6,0,0,8,18,128
2240105,280,8,49,110,50,48,0,72,0,0
2240115,280,8,50,111,50,48,0,72,0,0
2240125,280,8,35,96,50,48,0,72,0,0
2240135,280,8,36,97,50,48,0,72,0,0
2240145,280,8,37,98,50,48,0,72,0,0
2240155,280,8,38,99,50,48,0,72,0,0
2240165,280,8,39,100,50,48,0,72,0,0
2240175,280,8,40,101,50,48,0,72,0,0
2240185,280,8,41,102,50,48,0,72,0,0
2240195,280,8,42,103,50,48,0,72,0,0
2240215,280,8,43,104,50,48,0,72,0,0
2240225,280,8,44,105,50,48,0,72,0,0
2240235,280,8,45,106,50,48,0,72,0,0
2240235,280,8,48,107,50,48,2,72,0,0
2240245,280,8,55,108,50,48,8,72,0,0
2240255,280,8,62,109,50,48,14,72,0,0
2240275,280,8,72,110,50,48,23,72,0,0
2240285,280,8,81,111,50,48,31,72,0,0
2240295,280,8,78,96,50,48,43,72,0,0
2240295,280,8,88,97,50,48,52,72,0,0
2240305,280,8,99,98,50,48,62,72,0,0
2240315,280,8,107,99,50,48,69,72,0,0
2240335,280,8,115,100,50,48,76,72,0,0
2240345,280,8,120,101,50,48,80,72,0,0
2240365,280,8,126,103,50,48,84,72,0,0
2240375,280,8,128,104,50,48,85,72,0,0
2240385,280,8,129,105,50,48,85,72,0,0
2240395,280,8,131,106,50,48,86,72,0,0
2240395,280,8,133,107,50,48,87,72,0,0
2240405,280,8,136,108,50,48,89,72,0,0
2240415,280,8,140,109,50,48,92,72,0,0
2240435,280,8,146,110,50,48,97,72,0,0
2240445,280,8,151,111,50,48,101,72,0,0
2240455,280,8,140,96,50,48,105,72,0,0
2240455,280,8,145,97,50,48,109,72,0,0
2240465,280,8,150,98,50,48,113,72,0,0
2240475,280,8,153,99,50,48,115,72,0,0
2240495,280,8,157,100,50,48,118,72,0,0
2240505,280,8,160,101,50,48,120,72,0,0
2240515,280,8,164,102,50,48,123,72,0,0
2240515,280,8,167,103,50,48,125,72,0,0
2240525,280,8,171,104,50,48,128,72,0,0
2240535,280,8,174,105,50,48,130,72,0,0
2240555,1021,8,0,0,0,60,32,0,0,128
2240555,2047,8,8,128,68,0,144,98,20,48
2240555,280,8,177,106,50,48,132,72,0,0
2240555,280,8,180,107,50,48,134,72,0,0
2240565,280,8,183,108,50,48,136,72,0,0
2240565,280,8,185,109,50,48,137,72,0,0
2240585,280,8,188,110,50,48,139,72,0,0
2240605,280,8,190,111,50,48,140,72,0,0
2240605,1021,8,1,0,6,0,0,8,18,128
2240605,280,8,176,96,50,48,141,72,0,0
2240615,280,8,178,97,50,48,142,72,0,0
2240615,280,8,180,98,50,48,143,72,0,0
2240635,280,8,182,99,50,48,144,72,0,0
2240665,280,8,183,100,50,48,144,72,0,0
2240665,280,8,185,101,50,48,145,72,0,0
2240675,280,8,186,102,50,48,145,72,0,0
2240675,280,8,187,103,50,48,145,72,0,0
2240685,280,8,188,104,50,48,145,72,0,0
2240695,280,8,190,105,50,48,146,72,0,0
2240715,280,8,191,106,50,48,146,72,0,0
2240725,280,8,192,107,50,48,146,72,0,0
2240735,280,8,193,108,50,48,146,72,0,0
2240735,280,8,194,109,50,48,146,72,0,0
2240745,280,8,195,110,50,48,146,72,0,0
2240745,280,8,195,111,50,48,145,72,0,0
2240765,280,8,180,96,50,48,145,72,0,0
2240785,280,8,181,97,50,48,145,72,0,0
2240795,280,8,182,98,50,48,145,72,0,0
2240795,280,8,183,99,50,48,145,72,0,0
2240805,280,8,184,100,50,48,145,72,0,0
2240815,280,8,185,101,50,48,145,72,0,0
2240835,280,8,185,102,50,48,144,72,0,0
2240845,280,8,185,103,50,48,143,72,0,0
2240855,280,8,183,104,50,48,140,72,0,0
2240855,280,8,181,105,50,48,137,72,0,0
2240865,280,8,176,106,50,48,131,72,0,0
2240865,280,8,172,107,50,48,126,72,0,0
2240885,280,8,165,108,50,48,118,72,0,0
2240905,280,8,160,109,50,48,112,72,0,0
2240915,280,8,152,110,50,48,103,72,0,0
2240925,280,8,146,111,50,48,96,72,0,0
2240925,280,8,123,96,50,48,88,72,0,0
2240935,280,8,117,97,50,48,81,72,0,0
2240945,280,8,110,98,50,48,73,72,0,0
2240965,280,8,106,99,50,48,68,72,0,0
2240975,280,8,99,100,50,48,60,72,0,0
2240985,280,8,94,101,50,48,54,72,0,0
2240995,280,8,87,102,50,48,46,72,0,0
2240995,1016,8,3,8,128,0,25,73,20,33
2240995,280,8,82,103,50,48,40,72,0,0
2241005,280,8,75,104,50,48,32,72,0,0
2241015,280,8,70,105,50,48,26,72,0,0
2241035,280,8,64,106,50,48,19,72,0,0
2241045,280,8,59,107,50,48,13,72,0,0
2241055,2047,8,4,153,22,28,106,170,188,16
2241055,280,8,55,108,50,48,8,72,0,0
2241055,280,8,52,109,50,48,4,72,0,0
2241065,280,8,49,110,50,48,0,72,0,0
2241075,280,8,50,111,50,48,0,72,0,0
2241095,280,8,35,96,50,48,0,72,0,0
2241105,280,8,36,97,50,48,0,72,0,0
2241105,1021,8,1,0,6,0,0,8,18,128
2241115,280,8,37,98,50,48,0,72,0,0
2241115,280,8,38,99,50,48,0,72,0,0
2241125,280,8,39,100,50,48,0,72,0,0
2241135,280,8,40,101,50,48,0,72,0,0
2241145,1021,8,2,0,0,0,0,0,0,144
2241145,280,8,41,102,50,48,0,72,0,0
2241155,280,8,42,103,50,48,0,72,0,0
2241165,280,8,43,104,50,48,0,72,0,0
2241185,280,8,44,105,50,48,0,72,0,0
2241195,280,8,45,106,50,48,0,72,0,0
2241205,280,8,46,107,50,48,0,72,0,0
2241215,280,8,47,108,50,48,0,72,0,0
2241215,280,8,48,109,50,48,0,72,0,0
2241225,280,8,49,110,50,48,0,72,0,0
2241235,280,8,50,111,50,48,0,72,0,0
2241255,2047,8,6,88,55,91,7,176,204,200
2241255,280,8,35,96,50,48,0,72,0,0
2241265,280,8,36,97,50,48,0,72,0,0
2241275,280,8,37,98,50,48,0,72,0,0
2241275,280,8,38,99,50,48,0,72,0,0
2241285,280,8,39,100,50,48,0,72,0,0
2241295,280,8,40,101,50,48,0,72,0,0
2241315,280,8,50,102,50,48,9,72,0,0
2241325,280,8,59,103,50,48,17,72,0,0
2241335,280,8,73,104,50,48,30,72,0,0
2241335,280,8,85,105,50,48,41,72,0,0
2241345,280,8,99,106,50,48,54,72,0,0
2241355,280,8,110,107,50,48,64,72,0,0
2241375,280,8,122,108,50,48,75,72,0,0
2241385,280,8,130,109,50,48,82,72,0,0
2241395,280,8,138,110,50,48,89,72,0,0
2241395,280,8,143,111,50,48,93,72,0,0
2241405,280,8,133,96,50,48,98,72,0,0
2241415,280,8,138,97,50,48,102,72,0,0
2241435,280,8,143,98,50,48,106,72,0,0
2241445,280,8,147,99,50,48,109,72,0,0
2241455,280,8,153,100,50,48,114,72,0,0
2241455,280,8,157,101,50,48,117,72,0,0
2241465,280,8,163,102,50,48,122,72,0,0
2241465,280,8,166,103,50,48,124,72,0,0
2241485,280,8,171,104,50,48,128,72,0,0
2241505,280,8,174,105,50,48,130,72,0,0
2241515,280,8,177,106,50,48,132,72,0,0
2241515,280,8,179,107,50,48,133,72,0,0
2241525,280,8,182,108,50,48,135,72,0,0
2241535,280,8,184,109,50,48,136,72,0,0
2241555,1021,8,0,0,0,60,32,0,0,128
2241555,2047,8,9,239,128,64,130,128,0,0
2241555,280,8,187,110,50,48,138,72,0,0
2241555,280,8,189,111,50,48,139,72,0,0
2241565,280,8,175,96,50,48,140,72,0,0
2241565,280,8,176,97,50,48,140,72,0,0
2241585,280,8,178,98,50,48,141,72,0,0
2241605,1021,8,1,0,6,0,0,8,18,128
2241605,280,8,179,99,50,48,141,72,0,0
2241615,280,8,180,100,50,48,141,72,0,0
2241615,280,8,181,101,50,48,141,72,0,0
2241625,280,8,182,102,50,48,141,72,0,0
2241635,280,8,182,103,50,48,140,72,0,0
2241655,280,8,180,104,50,48,137,72,0,0
2241655,280,8,177,105,50,48,133,72,0,0
2241675,280,8,171,106,50,48,126,72,0,0
2241675,280,8,165,107,50,48,119,72,0,0
2241695,280,8,157,108,50,48,110,72,0,0
2241705,280,8,151,109,50,48,103,72,0,0
2241725,280,8,144,110,50,48,95,72,0,0
2241725,280,8,137,111,50,48,87,72,0,0
2241735,280,8,114,96,50,48,79,72,0,0
2241735,280,8,109,97,50,48,73,72,0,0
2241745,280,8,103,98,50,48,66,72,0,0
2241755,280,8,98,99,50,48,60,72,0,0
2241775,280,8,92,100,50,48,53,72,0,0
2241775,280,8,87,101,50,48,47,72,0,0
2241785,280,8,81,102,50,48,40,72,0,0
2241785,280,8,76,103,50,48,34,72,0,0
2241805,280,8,70,104,50,48,27,72,0,0
2241825,280,8,65,105,50,48,21,72,0,0
2241835,280,8,60,106,50,48,15,72,0,0
2241845,280,8,55,107,50,48,9,72,0,0
2241865,280,8,48,108,50,48,1,72,0,0
2241865,280,8,48,109,50,48,0,72,0,0
2241875,280,8,49,110,50,48,0,72,0,0
2241885,280,8,50,111,50,48,0,72,0,0
2241885,280,8,35,96,50,48,0,72,0,0
2241895,280,8,36,97,50,48,0,72,0,0
2241905,280,8,37,98,50,48,0,72,0,0
2241925,280,8,38,99,50,48,0,72,0,0
2241935,280,8,39,100,50,48,0,72,0,0
2241945,280,8,40,101,50,48,0,72,0,0
2241955,280,8,41,102,50,48,0,72,0,0
2241955,280,8,42,103,50,48,0,72,0,0
2241965,280,8,43,104,50,48,0,72,0,0
2241975,280,8,44,105,50,48,0,72,0,0
2241995,280,8,45,106,50,48,0,72,0,0
2242005,280,8,46,107,50,48,0,72,0,0
2242015,280,8,47,108,50,48,0,72,0,0
2242015,280,8,48,109,50,48,0,72,0,0
2242025,280,8,49,110,50,48,0,72,0,0
2242035,280,8,50,111,50,48,0,72,0,0
2242065,280,8,35,96,50,48,0,72,0,0
2242065,280,8,36,97,50,48,0,72,0,0
2242075,280,8,37,98,50,48,0,72,0,0
2242075,280,8,38,99,50,48,0,72,0,0
2242085,280,8,42,100,50,48,3,72,0,0
2242095,1021,8,1,0,6,0,0,8,18,128
2242095,280,8,53,101,50,48,13,72,0,0
2242115,280,8,64,102,50,48,23,72,0,0
2242125,280,8,75,103,50,48,33,72,0,0
2242135,280,8,88,104,50,48,45,72,0,0
2242135,280,8,98,105,50,48,54,72,0,0
2242145,280,8,109,106,50,48,64,72,0,0
2242145,280,8,118,107,50,48,72,72,0,0
2242165,280,8,126,108,50,48,79,72,0,0
2242175,280,8,132,109,50,48,84,72,0,0
2242185,280,8,139,110,50,48,90,72,0,0
2242195,280,8,143,111,50,48,93,72,0,0
2242215,280,8,131,96,50,48,96,72,0,0
2242225,280,8,135,97,50,48,99,72,0,0
2242235,280,8,138,98,50,48,101,72,0,0
2242235,280,8,141,99,50,48,103,72,0,0
2242245,280,8,143,100,50,48,104,72,0,0
2242255,280,8,146,101,50,48,106,72,0,0
2242275,280,8,149,102,50,48,108,72,0,0
2242285,280,8,151,103,50,48,109,72,0,0
2242295,280,8,154,104,50,48,111,72,0,0
2242295,280,8,157,105,50,48,113,72,0,0
2242305,280,8,160,106,50,48,115,72,0,0
2242315,280,8,163,107,50,48,117,72,0,0
2242335,280,8,165,108,50,48,118,72,0,0
2242345,280,8,167,109,50,48,119,72,0,0
2242355,280,8,169,110,50,48,120,72,0,0
2242355,280,8,170,111,50,48,120,72,0,0
2242365,280,8,156,96,50,48,121,72,0,0
2242375,280,8,157,97,50,48,121,72,0,0
2242395,280,8,158,98,50,48,121,72,0,0
2242405,280,8,159,99,50,48,121,72,0,0
2242415,280,8,160,100,50,48,121,72,0,0
2242415,280,8,161,101,50,48,121,72,0,0
2242425,280,8,161,102,50,48,120,72,0,0
2242435,280,8,162,103,50,48,120,72,0,0
2242455,280,8,162,104,50,48,119,72,0,0
2242465,280,8,162,105,50,48,118,72,0,0
2242475,280,8,160,106,50,48,115,72,0,0
2242475,280,8,157,107,50,48,111,72,0,0
2242485,280,8,152,108,50,48,105,72,0,0
2242495,280,8,147,109,50,48,99,72,0,0
2242515,280,8,143,110,50,48,94,72,0,0
2242525,280,8,139,111,50,48,89,72,0,0
2242535,280,8,117,96,50,48,82,72,0,0
2242535,280,8,112,97,50,48,76,72,0,0
2242545,1021,8,0,0,0,60,32,0,0,128
2242545,280,8,106,98,50,48,69,72,0,0
2242555,280,8,101,99,50,48,63,72,0,0
2242575,280,8,94,100,50,48,55,72,0,0
2242585,280,8,88,101,50,48,48,72,0,0
2242595,280,8,80,102,50,48,39,72,0,0
2242595,280,8,73,103,50,48,31,72,0,0
2242595,1021,8,1,0,6,0,0,8,18,128
2242605,280,8,66,104,50,48,23,72,0,0
2242615,280,8,61,105,50,48,17,72,0,0
2242635,280,8,55,106,50,48,10,72,0,0
2242645,280,8,50,107,50,48,4,72,0,0
2242655,280,8,47,108,50,48,0,72,0,0
2242655,280,8,48,109,50,48,0,72,0,0
2242665,280,8,49,110,50,48,0,72,0,0
2242665,280,8,50,111,50,48,0,72,0,0
2242685,280,8,35,96,50,48,0,72,0,0
2242705,280,8,36,97,50,48,0,72,0,0
2242715,280,8,37,98,50,48,0,72,0,0
2242725,280,8,38,99,50,48,0,72,0,0
2242735,280,8,39,100,50,48,0,72,0,0
2242745,280,8,40,101,50,48,0,72,0,0
2242755,280,8,41,102,50,48,0,72,0,0
2242755,280,8,42,103,50,48,0,72,0,0
2242765,280,8,43,104,50,48,0,72,0,0
2242775,280,8,44,105,50,48,0,72,0,0
2242795,280,8,45,106,50,48,0,72,0,0
2242805,280,8,46,107,50,48,0,72,0,0
2242815,280,8,47,108,50,48,0,72,0,0
2242815,280,8,48,109,50,48,0,72,0,0
2242825,280,8,49,110,50,48,0,72,0,0
2242835,280,8,60,111,50,48,10,72,0,0
2242855,280,8,54,96,50,48,19,72,0,0
2242865,280,8,66,97,50,48,30,72,0,0
2242875,280,8,79,98,50,48,42,72,0,0
2242875,280,8,90,99,50,48,52,72,0,0
2242885,280,8,101,100,50,48,62,72,0,0
2242895,280,8,109,101,50,48,69,72,0,0
2242915,280,8,117,102,50,48,76,72,0,0
2242925,280,8,122,103,50,48,80,72,0,0
2242935,280,8,126,104,50,48,83,72,0,0
2242946,280,8,129,105,50,48,85,72,0,0
2242955,280,8,131,106,50,48,86,72,0,0
2242955,280,8,133,107,50,48,87,72,0,0
2242965,280,8,135,108,50,48,88,72,0,0
2242965,280,8,137,109,50,48,89,72,0,0
2242985,280,8,140,110,50,48,91,72,0,0
2243005,280,8,143,111,50,48,93,72,0,0
2243015,280,8,131,96,50,48,96,72,0,0
2243025,280,8,135,97,50,48,99,72,0,0
2243035,280,8,138,98,50,48,101,72,0,0
2243045,280,8,142,99,50,48,104,72,0,0
2243055,280,8,145,100,50,48,106,72,0,0
2243055,280,8,148,101,50,48,108,72,0,0
2243065,280,8,151,102,50,48,110,72,0,0
2243075,280,8,153,103,50,48,111,72,0,0
2243095,280,8,155,104,50,48,112,72,0,0
2243105,1021,8,1,0,6,0,0,8,18,128
2243105,280,8,157,105,50,48,113,72,0,0
2243115,280,8,159,106,50,48,114,72,0,0
2243115,280,8,160,107,50,48,114,72,0,0
2243125,280,8,162,108,50,48,115,72,0,0
2243135,280,8,163,109,50,48,115,72,0,0
2243155,280,8,164,110,50,48,115,72,0,0
2243165,280,8,165,111,50,48,115,72,0,0
2243175,280,8,150,96,50,48,115,72,0,0
2243175,280,8,151,97,50,48,115,72,0,0
2243185,280,8,152,98,50,48,115,72,0,0
2243185,280,8,152,99,50,48,114,72,0,0
2243205,280,8,152,100,50,48,113,72,0,0
2243225,280,8,151,101,50,48,111,72,0,0
2243236,280,8,148,102,50,48,107,72,0,0
2243236,280,8,144,103,50,48,102,72,0,0
2243237,2047,8,8,128,68,0,144,98,20,48
2243237,280,8,139,104,50,48,96,72,0,0
2243237,280,8,135,105,50,48,91,72,0,0
2243255,280,8,130,106,50,48,85,72,0,0
2243265,280,8,126,107,50,48,80,72,0,0
2243285,280,8,120,108,50,48,73,72,0,0
2243305,280,8,116,109,50,48,68,72,0,0
2243315,280,8,110,110,50,48,61,72,0,0
2243325,280,8,104,111,50,48,54,72,0,0
2243335,280,8,80,96,50,48,45,72,0,0
2243345,280,8,72,97,50,48,36,72,0,0
2243355,280,8,66,98,50,48,29,72,0,0
2243355,280,8,60,99,50,48,22,72,0,0
2243365,280,8,52,100,50,48,13,72,0,0
2243375,280,8,45,101,50,48,5,72,0,0
2243395,280,8,41,102,50,48,0,72,0,0
2243405,280,8,42,103,50,48,0,72,0,0
2243415,280,8,43,104,50,48,0,72,0,0
2243415,280,8,44,105,50,48,0,72,0,0
2243425,280,8,45,106,50,48,0,72,0,0
2243425,280,8,46,107,50,48,0,72,0,0
2243445,280,8,47,108,50,48,0,72,0,0
2243465,280,8,48,109,50,48,0,72,0,0
2243475,280,8,49,110,50,48,0,72,0,0
2243485,280,8,50,111,50,48,0,72,0,0
2243495,280,8,35,96,50,48,0,72,0,0
2243495,280,8,36,97,50,48,0,72,0,0
2243505,280,8,37,98,50,48,0,72,0,0
2243515,280,8,38,99,50,48,0,72,0,0
2243535,280,8,39,100,50,48,0,72,0,0
2243535,280,8,40,101,50,48,0,72,0,0
2243545,2047,8,2,71,86,109,142,81,207,39
2243545,280,8,41,102,50,48,0,72,0,0
2243545,280,8,42,103,50,48,0,72,0,0
2243565,280,8,43,104,50,48,0,72,0,0
2243585,280,8,44,105,50,48,0,72,0,0
2243595,280,8,45,106,50,48,0,72,0,0
2243605,1021,8,1,0,6,0,0,8,18,128
2243605,280,8,46,107,50,48,0,72,0,0
2243605,280,8,47,108,50,48,0,72,0,0
2243615,280,8,48,109,50,48,0,72,0,0
2243625,280,8,53,110,50,48,4,72,0,0
2243645,280,8,69,111,50,48,19,72,0,0
2243645,1021,8,2,0,0,0,0,0,0,144
2243645,280,8,64,96,50,48,29,72,0,0
2243655,280,8,76,97,50,48,40,72,0,0
2243665,280,8,90,98,50,48,53,72,0,0
2243675,280,8,100,99,50,48,62,72,0,0
2243695,280,8,112,100,50,48,73,72,0,0
2243695,280,8,119,101,50,48,79,72,0,0
2243705,280,8,127,102,50,48,86,72,0,0
2243715,280,8,132,103,50,48,90,72,0,0
2243735,280,8,137,104,50,48,94,72,0,0
2243745,280,8,141,105,50,48,97,72,0,0
2243755,280,8,144,106,50,48,99,72,0,0
2243755,280,8,147,107,50,48,101,72,0,0
2243765,280,8,149,108,50,48,102,72,0,0
2243775,280,8,151,109,50,48,103,72,0,0
2243795,280,8,153,110,50,48,104,72,0,0
2243805,280,8,155,111,50,48,105,72,0,0
2243815,280,8,141,96,50,48,106,72,0,0
2243815,280,8,142,97,50,48,106,72,0,0
2243825,280,8,144,98,50,48,107,72,0,0
2243825,280,8,146,99,50,48,108,72,0,0
2243845,280,8,147,100,50,48,108,72,0,0
2243865,280,8,148,101,50,48,108,72,0,0
2243875,280,8,150,102,50,48,109,72,0,0
2243885,280,8,151,103,50,48,109,72,0,0
2243895,280,8,152,104,50,48,109,72,0,0
2243895,280,8,153,105,50,48,109,72,0,0
2243905,280,8,154,106,50,48,109,72,0,0
2243915,280,8,154,107,50,48,108,72,0,0
2243935,280,8,155,108,50,48,108,72,0,0
2243945,280,8,154,109,50,48,106,72,0,0
2243955,280,8,153,110,50,48,104,72,0,0
2243955,280,8,151,111,50,48,101,72,0,0
2243965,280,8,130,96,50,48,95,72,0,0
2243975,280,8,124,97,50,48,88,72,0,0
2243995,280,8,116,98,50,48,79,72,0,0
2243995,280,8,109,99,50,48,71,72,0,0
2243995,1016,8,3,8,128,0,25,73,20,33
2243995,280,8,100,100,50,48,61,72,0,0
2244005,280,8,94,101,50,48,54,72,0,0
2244025,280,8,87,102,50,48,46,72,0,0
2244045,280,8,81,103,50,48,39,72,0,0
2244055,280,8,76,104,50,48,33,72,0,0
2244065,280,8,72,105,50,48,28,72,0,0
2244075,280,8,68,106,50,48,23,72,0,0
2244085,280,8,64,107,50,48,18,72,0,0
2244095,280,8,59,108,50,48,12,72,0,0
2244105,1021,8,1,0,6,0,0,8,18,128
2244105,280,8,55,109,50,48,7,72,0,0
2244105,280,8,50,110,50,48,1,72,0,0
2244105,280,8,50,111,50,48,0,72,0,0
2244115,280,8,35,96,50,48,0,72,0,0
2244125,280,8,36,97,50,48,0,72,0,0
2244165,280,8,37,98,50,48,0,72,0,0
2244175,280,8,38,99,50,48,0,72,0,0
2244185,280,8,39,100,50,48,0,72,0,0
2244185,280,8,40,101,50,48,0,72,0,0
2244195,280,8,41,102,50,48,0,72,0,0
2244195,280,8,42,103,50,48,0,72,0,0
2244205,280,8,43,104,50,48,0,72,0,0
2244215,280,8,44,105,50,48,0,72,0,0
2244235,280,8,45,106,50,48,0,72,0,0
2244235,280,8,46,107,50,48,0,72,0,0
2244245,2047,8,9,239,128,64,130,128,0,0
2244245,280,8,47,108,50,48,0,72,0,0
2244245,280,8,48,109,50,48,0,72,0,0
2244265,280,8,49,110,50,48,0,72,0,0
2244275,280,8,50,111,50,48,0,72,0,0
2244295,280,8,35,96,50,48,0,72,0,0
2244305,280,8,36,97,50,48,0,72,0,0
2244325,280,8,37,98,50,48,0,72,0,0
2244325,280,8,38,99,50,48,0,72,0,0
2244335,280,8,39,100,50,48,0,72,0,0
2244335,280,8,44,101,50,48,4,72,0,0
2244335,2047,8,1,165,78,67,67,165,84,1
2244345,280,8,58,102,50,48,17,72,0,0
2244345,280,8,67,103,50,48,25,72,0,0
2244365,280,8,80,104,50,48,37,72,0,0
2244375,280,8,91,105,50,48,47,72,0,0
2244385,280,8,102,106,50,48,57,72,0,0
2244395,280,8,111,107,50,48,65,72,0,0
2244415,280,8,120,108,50,48,73,72,0,0
2244425,280,8,127,109,50,48,79,72,0,0
2244435,280,8,133,110,50,48,84,72,0,0
2244435,280,8,138,111,50,48,88,72,0,0
2244455,280,8,128,96,50,48,93,72,0,0
2244455,280,8,131,97,50,48,95,72,0,0
2244475,280,8,135,98,50,48,98,72,0,0
2244475,280,8,138,99,50,48,100,72,0,0
2244495,280,8,142,100,50,48,103,72,0,0
2244495,280,8,144,101,50,48,104,72,0,0
2244515,280,8,147,102,50,48,106,72,0,0
2244515,280,8,149,103,50,48,107,72,0,0
2244535,280,8,151,104,50,48,108,72,0,0
2244535,280,8,153,105,50,48,109,72,0,0
2244555,1021,8,0,0,0,60,32,0,0,128
2244565,280,8,157,107,50,48,111,72,0,0
2244575,280,8,159,108,50,48,112,72,0,0
2244575,280,8,160,109,50,48,112,72,0,0
2244585,280,8,162,110,50,48,113,72,0,0
2244585,280,8,163,111,50,48,113,72,0,0
2244585,1021,8,1,0,6,0,0,8,18,128
2244595,280,8,148,96,50,48,113,72,0,0
2244615,280,8,149,97,50,48,113,72,0,0
2244635,280,8,149,98,50,48,112,72,0,0
2244635,280,8,150,99,50,48,112,72,0,0
2244655,280,8,150,101,50,48,110,72,0,0
2244675,280,8,148,102,50,48,107,72,0,0
2244675,280,8,146,103,50,48,104,72,0,0
2244685,280,8,142,104,50,48,99,72,0,0
2244685,280,8,138,105,50,48,94,72,0,0
2244705,280,8,131,106,50,48,86,72,0,0
2244725,280,8,124,107,50,48,78,72,0,0
2244735,280,8,116,108,50,48,69,72,0,0
2244745,280,8,108,109,50,48,60,72,0,0
2244765,280,8,98,110,50,48,49,72,0,0
2244765,280,8,92,111,50,48,42,72,0,0
2244775,280,8,69,96,50,48,34,72,0,0
2244775,280,8,63,97,50,48,27,72,0,0
2244785,280,8,57,98,50,48,20,72,0,0
2244795,280,8,53,99,50,48,15,72,0,0
2244815,280,8,48,100,50,48,9,72,0,0
2244825,280,8,44,101,50,48,4,72,0,0
2244835,280,8,41,102,50,48,0,72,0,0
2244835,280,8,42,103,50,48,0,72,0,0
2244845,280,8,43,104,50,48,0,72,0,0
2244855,280,8,44,105,50,48,0,72,0,0
2244875,280,8,45,106,50,48,0,72,0,0
2244885,280,8,46,107,50,48,0,72,0,0
2244895,280,8,47,108,50,48,0,72,0,0
2244895,280,8,48,109,50,48,0,72,0,0
2244905,280,8,49,110,50,48,0,72,0,0
2244915,280,8,50,111,50,48,0,72,0,0
2244935,280,8,35,96,50,48,0,72,0,0
2244935,280,8,36,97,50,48,0,72,0,0
2244945,280,8,37,98,50,48,0,72,0,0
2244945,280,8,38,99,50,48,0,72,0,0
2244965,280,8,39,100,50,48,0,72,0,0
2244975,280,8,40,101,50,48,0,72,0,0
2244995,280,8,41,102,50,48,0,72,0,0
2244995,1016,8,3,8,128,0,25,73,20,33
2244995,280,8,42,103,50,48,0,72,0,0
2245015,280,8,43,104,50,48,0,72,0,0
2245015,280,8,44,105,50,48,0,72,0,0
2245035,280,8,45,106,50,48,0,72,0,0
2245035,280,8,46,107,50,48,0,72,0,0
2245045,1021,8,0,0,0,60,32,0,0,128
2245045,280,8,47,108,50,48,0,72,0,0
2245045,280,8,52,109,50,48,4,72,0,0
2245065,280,8,65,110,50,48,16,72,0,0
2245075,280,8,75,111,50,48,25,72,0,0
2245095,280,8,71,96,50,48,36,72,0,0
2245105,280,8,79,97,50,48,43,72,0,0
2245105,1021,8,1,0,6,0,0,8,18,128
2245115,280,8,87,98,50,48,50,72,0,0
2245115,280,8,93,99,50,48,55,72,0,0
2245125,280,8,98,100,50,48,59,72,0,0
2245135,280,8,101,101,50,48,61,72,0,0
2245145,2047,8,9,239,128,64,130,128,0,0
2245145,280,8,105,102,50,48,64,72,0,0
2245145,280,8,108,103,50,48,66,72,0,0
2245165,280,8,112,104,50,48,69,72,0,0
2245175,280,8,115,105,50,48,71,72,0,0
2245195,280,8,120,106,50,48,75,72,0,0
2245195,280,8,123,107,50,48,77,72,0,0
2245215,280,8,127,108,50,48,80,72,0,0
2245215,280,8,131,109,50,48,83,72,0,0
2245235,280,8,135,110,50,48,86,72,0,0
2245235,280,8,138,111,50,48,88,72,0,0
2245245,2047,8,1,165,78,67,67,165,84,1
2245245,280,8,125,96,50,48,90,72,0,0
2245245,280,8,128,97,50,48,92,72,0,0
2245265,280,8,131,98,50,48,94,72,0,0
2245275,280,8,133,99,50,48,95,72,0,0
2245285,280,8,135,100,50,48,96,72,0,0
2245295,280,8,137,101,50,48,97,72,0,0
2245315,280,8,139,102,50,48,98,72,0,0
2245325,280,8,141,103,50,48,99,72,0,0
2245335,280,8,142,104,50,48,99,72,0,0
2245335,280,8,143,105,50,48,99,72,0,0
2245345,280,8,144,106,50,48,99,72,0,0
2245345,280,8,145,107,50,48,99,72,0,0
2245365,280,8,146,108,50,48,99,72,0,0
2245375,280,8,146,109,50,48,98,72,0,0
2245395,280,8,147,110,50,48,98,72,0,0
2245405,280,8,148,111,50,48,98,72,0,0
2245415,280,8,132,96,50,48,97,72,0,0
2245415,280,8,133,97,50,48,97,72,0,0
2245425,280,8,132,98,50,48,95,72,0,0
2245425,280,8,130,99,50,48,92,72,0,0
2245445,280,8,126,100,50,48,87,72,0,0
2245465,280,8,122,101,50,48,82,72,0,0
2245475,280,8,116,102,50,48,75,72,0,0
2245485,280,8,112,103,50,48,70,72,0,0
2245495,280,8,106,104,50,48,63,72,0,0
2245495,280,8,100,105,50,48,56,72,0,0
2245505,280,8,92,106,50,48,47,72,0,0
2245515,280,8,85,107,50,48,39,72,0,0
2245535,280,8,77,108,50,48,30,72,0,0
2245535,280,8,69,109,50,48,21,72,0,0
2245555,280,8,61,110,50,48,12,72,0,0
2245555,280,8,53,111,50,48,3,72,0,0
2245575,280,8,35,96,50,48,0,72,0,0
2245575,280,8,36,97,50,48,0,72,0,0
2245595,280,8,37,98,50,48,0,72,0,0
2245595,1021,8,1,0,6,0,0,8,18,128
2245595,280,8,38,99,50,48,0,72,0,0
2245615,280,8,39,100,50,48,0,72,0,0
2245615,280,8,40,101,50,48,0,72,0,0
2245636,280,8,41,102,50,48,0,72,0,0
2245636,280,8,42,103,50,48,0,72,0,0
2245655,1021,8,2,0,0,0,0,0,0,144
2245655,280,8,43,104,50,48,0,72,0,0
2245655,280,8,44,105,50,48,0,72,0,0
2245665,280,8,45,106,50,48,0,72,0,0
2245665,280,8,46,107,50,48,0,72,0,0
2245685,280,8,47,108,50,48,0,72,0,0
2245695,280,8,48,109,50,48,0,72,0,0
2245705,280,8,49,110,50,48,0,72,0,0
2245715,280,8,50,111,50,48,0,72,0,0
2245735,280,8,35,96,50,48,0,72,0,0
2245745,280,8,36,97,50,48,0,72,0,0
2245755,280,8,37,98,50,48,0,72,0,0
2245755,280,8,38,99,50,48,0,72,0,0
2245765,280,8,39,100,50,48,0,72,0,0
2245765,280,8,40,101,50,48,0,72,0,0
2245785,280,8,41,102,50,48,0,72,0,0
2245805,280,8,42,103,50,48,0,72,0,0
2245815,280,8,43,104,50,48,0,72,0,0
2245825,280,8,44,105,50,48,0,72,0,0
2245835,280,8,45,106,50,48,0,72,0,0
2245835,280,8,46,107,50,48,0,72,0,0
2245845,280,8,47,108,50,48,0,72,0,0
2245855,280,8,48,109,50,48,0,72,0,0
2245875,280,8,49,110,50,48,0,72,0,0
2245885,280,8,50,111,50,48,0,72,0,0
2245895,280,8,35,96,50,48,0,72,0,0
2245895,280,8,36,97,50,48,0,72,0,0
2245905,280,8,37,98,50,48,0,72,0,0
2245915,280,8,38,99,50,48,0,72,0,0
2245935,280,8,39,100,50,48,0,72,0,0
2245945,280,8,40,101,50,48,0,72,0,0
2245955,280,8,41,102,50,48,0,72,0,0
2245955,280,8,42,103,50,48,0,72,0,0
2245965,280,8,43,104,50,48,0,72,0,0
2245975,280,8,44,105,50,48,0,72,0,0
2245995,280,8,45,106,50,48,0,72,0,0
2245995,1016,8,3,8,128,0,25,73,20,33
2245995,280,8,46,107,50,48,0,72,0,0
2246005,280,8,47,108,50,48,0,72,0,0
2246005,280,8,48,109,50,48,0,72,0,0
2246025,280,8,49,110,50,48,0,72,0,0
2246045,280,8,50,111,50,48,0,72,0,0
2246055,1021,8,0,0,0,60,32,0,0,128
2246056,280,8,35,96,50,48,0,72,0,0
2246056,280,8,36,97,50,48,0,72,0,0
2246065,280,8,37,98,50,48,0,72,0,0
2246065,280,8,38,99,50,48,0,72,0,0
2246085,280,8,39,100,50,48,0,72,0,0
2246095,1021,8,1,0,6,0,0,8,18,128
2246095,280,8,40,101,50,48,0,72,0,0
2246105,280,8,41,102,50,48,0,72,0,0
2246115,280,8,42,103,50,48,0,72,0,0
2246135,280,8,43,104,50,48,0,72,0,0
2246145,280,8,44,105,50,48,0,72,0,0
2246155,1021,8,2,0,0,0,0,0,0,144
2246155,280,8,45,106,50,48,0,72,0,0
2246155,280,8,46,107,50,48,0,72,0,0
2246165,280,8,47,108,50,48,0,72,0,0
2246165,280,8,48,109,50,48,0,72,0,0
2246185,280,8,49,110,50,48,0,72,0,0
2246205,280,8,50,111,50,48,0,72,0,0
2246215,280,8,35,96,50,48,0,72,0,0
2246225,280,8,36,97,50,48,0,72,0,0
2246235,280,8,37,98,50,48,0,72,0,0
2246235,280,8,38,99,50,48,0,72,0,0
2246255,280,8,39,100,50,48,0,72,0,0
2246265,280,8,40,101,50,48,0,72,0,0
2246275,280,8,41,102,50,48,0,72,0,0
2246275,280,8,42,103,50,48,0,72,0,0
2246285,280,8,43,104,50,48,0,72,0,0
2246295,280,8,44,105,50,48,0,72,0,0
2246315,280,8,45,106,50,48,0,72,0,0
2246325,280,8,46,107,50,48,0,72,0,0
2246335,280,8,47,108,50,48,0,72,0,0
2246335,280,8,48,109,50,48,0,72,0,0
2246355,280,8,49,110,50,48,0,72,0,0
2246365,280,8,50,111,50,48,0,72,0,0
2246385,280,8,35,96,50,48,0,72,0,0
2246385,280,8,36,97,50,48,0,72,0,0
2246395,280,8,37,98,50,48,0,72,0,0
2246395,280,8,38,99,50,48,0,72,0,0
2246405,280,8,39,100,50,48,0,72,0,0
2246415,280,8,40,101,50,48,0,72,0,0
2246435,280,8,41,102,50,48,0,72,0,0
2246435,280,8,42,103,50,48,0,72,0,0
2246455,280,8,44,105,50,48,0,72,0,0
2246475,280,8,45,106,50,48,0,72,0,0
2246475,280,8,46,107,50,48,0,72,0,0
2246495,280,8,47,108,50,48,0,72,0,0
2246495,280,8,48,109,50,48,0,72,0,0
2246515,280,8,49,110,50,48,0,72,0,0
2246515,280,8,50,111,50,48,0,72,0,0
2246535,280,8,35,96,50,48,0,72,0,0
2246535,280,8,36,97,50,48,0,72,0,0
2246555,1021,8,0,0,0,60,32,0,0,128
2246555,2047,8,5,18,32,161,64,4,128,82
2246555,280,8,37,98,50,48,0,72,0,0
2246555,280,8,38,99,50,48,0,72,0,0
